[{"@type":"businessService","id":"@1","name":"Business_Service_updateOrNot","description":"","type":"WebService","connectionId":"@51nSLy7y9uCd45Sskjq9GI","enableDynamicRefresh":false,"businessOperations":[{"@type":"businessOperation","id":"@2XjV096wkcVks0hNXhT3AX@Get_Employee","originName":"Get_Employee","name":"Get_Employee","description":"","configured":false,"metadataId":"@4","requestId":"@5","responseId":"@6","faultId":"@3","extensionXmlId":"@2"},{"@type":"businessOperation","id":"@2XjV096wkcVks0hNXhT3AX@Get_Employee2","originName":"Get_Employee","name":"Get_Employee2","description":"","configured":false,"metadataId":"@9","requestId":"@10","responseId":"@11","faultId":"@8","extensionXmlId":"@7"}]}]