[{"@type":"fileRecord","id":"@4","name":"metadata","type":"JSON","size":197392,"attachTime":1693457477000},{"@type":"fileRecord","id":"@5","name":"request","type":"XSD","size":9783,"attachTime":1693457477000},{"@type":"fileRecord","id":"@6","name":"response","type":"XSD","size":342160,"attachTime":1693457477000},{"@type":"fileRecord","id":"@9","name":"metadata","type":"JSON","size":197392,"attachTime":1693457477000},{"@type":"fileRecord","id":"@10","name":"request","type":"XSD","size":9783,"attachTime":1693457477000},{"@type":"fileRecord","id":"@11","name":"response","type":"XSD","size":342160,"attachTime":1693457477000},{"@type":"fileRecord","id":"@2","name":"extension","type":"XML","size":359501,"attachTime":1693457477000},{"@type":"fileRecord","id":"@3","name":"fault","type":"XSD","size":5881,"attachTime":1693457477000},{"@type":"fileRecord","id":"@7","name":"extension","type":"XML","size":360271,"attachTime":1693457477000},{"@type":"fileRecord","id":"@8","name":"fault","type":"XSD","size":5881,"attachTime":1693457477000}]