[{"@type":"mappingTemplate","id":"@1","name":"Mapping126","description":"","bundleVersion":"0","assetFrsGuid":"4V80090VW6El0a1OWE8Pkn","templateId":"@3","deployTime":1693457479000,"hasParameters":false,"valid":true,"fixedConnection":true,"hasParametersDeployed":false,"fixedConnectionDeployed":true,"isSchemaValidationEnabled":false,"tasks":1,"mappingPreviewFileRecordId":"@2","documentType":"MAPPING","references":[{"@type":"reference","refObjectId":"@2XjV096wkcVks0hNXhT3AX@Get_Employee2","refType":"businessOperation"},{"@type":"reference","refObjectId":"@2XjV096wkcVks0hNXhT3AX","refType":"businessService"},{"@type":"reference","refObjectId":"@aheM5U3jjgvhAsVCK7mbCQ","refType":"connection"}]}]