[{"@type":"mappingTemplate","id":"@1","name":"m_HP_ora","description":"version 1","autoExpireObject":false,"bundleVersion":"0","assetFrsGuid":"0ZHureGAYZCfahRYJ5fMk6","templateId":"@3","deployTime":1742549276000,"hasParameters":false,"valid":true,"fixedConnection":true,"hasParametersDeployed":false,"fixedConnectionDeployed":true,"isSchemaValidationEnabled":false,"tasks":1,"mappingPreviewFileRecordId":"@2","documentType":"MAPPING","references":[{"@type":"reference","refObjectId":"@76fb8qJavo2h9wE9kptA0H","refType":"connection"}]}]