[{"@type":"mappingTemplate","id":"@1","name":"srcctrl_mapping","description":"","bundleVersion":"0","assetFrsGuid":"i9xB7sodVEieTNCh8o3wa2","templateId":"@3","deployTime":1727545464000,"hasParameters":false,"valid":true,"fixedConnection":true,"hasParametersDeployed":false,"fixedConnectionDeployed":true,"isSchemaValidationEnabled":false,"tasks":1,"mappingPreviewFileRecordId":"@2","documentType":"MAPPING","references":[{"@type":"reference","refObjectId":"@5ou32Zx7JaXkqKkvWzWtEJ","refType":"connection"}]}]